SNR_dB,LS,LMMSE,nonparametric PD MLP,channelNet,ISTANet
-4.0,29.937632,16.451529,3.7616599,4.304611,5.2836804
-2.0,27.94671,15.74088,0.30660784,1.6262459,2.9034736
0.0,25.92716,14.373918,-0.51300657,0.625037,2.1947165
2.0,23.937065,13.163353,-1.9325352,-0.52786785,1.4360642
4.0,21.90421,11.300051,-2.6127794,-1.5710793,0.72059953
6.0,19.918617,9.481057,-3.6237683,-2.7501516,-0.00015065895
8.0,17.902027,7.9017634,-4.30821,-2.9568448,-0.7579836
10.0,15.889442,6.222102,-5.078829,-3.470838,-1.816853
