SNR_dB,LS,LMMSE,nonparametric PD MLP,channelNet,ISTANet
-4.0,26.252132,13.361207,4.0675063,3.1927502,9.47194
-2.0,24.214804,12.414479,1.6092389,1.6878277,6.9996786
0.0,22.211935,11.372532,-0.35391653,0.34414265,5.0914054
2.0,20.247744,10.263163,-1.100402,-0.61514086,3.443477
4.0,18.239824,9.129541,-1.7475833,-1.3567532,1.9459796
6.0,16.252613,7.9350715,-2.4186592,-2.0094657,0.9013269
8.0,14.252301,6.6194973,-3.0256474,-2.4603703,0.25832865
10.0,12.224268,5.08803,-3.4847646,-2.7369928,-0.067852825
