SNR_dB,LS w/ H,LMMSE w/ H,AE,2 layers MLP w/ H,channelNet w/ H,ISTANet w/ H
-4.0,31.004025,17.113493,5.375145,3.684815,7.327077,6.3463726
-2.0,29.182604,16.972996,3.5077949,2.8516273,5.848506,5.1957226
0.0,27.049324,15.460987,2.5702605,1.1941444,4.102896,4.1590524
2.0,25.18506,14.353676,1.1756177,0.30232367,2.4392607,2.2825203
4.0,23.000202,13.074836,0.37877595,-0.3852597,0.7569467,0.9734659
6.0,21.00279,11.590685,-1.3455845,-1.0081631,-0.38965577,0.37809595
8.0,19.276398,11.002062,-1.3666677,-0.74117315,-0.58818984,-0.012382846
10.0,17.10666,9.3898945,-3.338398,-1.5960706,-1.4034674,-1.272726
