SNR_dB,LS w/ H,LMMSE w/ H,AE,2 layers MLP w/ H,channelNet w/ H,ISTANet w/ H
-4.0,25.552826,13.67299,2.1861396,1.5435733,4.4141884,3.8139496
-2.0,23.563332,12.656526,0.6899751,-0.04704066,2.7210722,2.1144447
0.0,21.619081,11.875809,0.19764894,-0.43834013,1.3741971,1.2243052
2.0,19.549952,10.777408,-0.13707969,-0.97817874,-0.06888918,0.89034355
4.0,17.521202,9.587977,-1.3078563,-1.8911169,-1.3540541,-0.123452395
6.0,15.57147,8.487681,-1.9382066,-2.1430159,-1.7496682,-1.0715166
8.0,13.491251,7.1229362,-2.951617,-3.4090219,-2.7986841,-1.7534541
10.0,11.54138,5.828848,-3.5980508,-4.4230595,-3.6328945,-2.598897
