SNR_dB,LS,LMMSE,nonparametric PD MLP,channelNet,ISTANet
-4.0,31.099823,18.766949,3.154776,7.327077,6.3463726
-2.0,29.19481,17.064022,3.5148563,5.848506,5.1957226
0.0,27.2756,15.727101,1.4844817,4.102896,4.1590524
2.0,25.19368,14.732555,0.88842416,2.4392607,2.2825203
4.0,23.19342,13.161779,-0.15476507,0.7569467,0.9734659
6.0,21.403774,12.389468,0.4851891,-0.38965577,0.37809595
8.0,19.189241,10.431651,-1.6295625,-0.58818984,-0.012382846
10.0,17.076694,9.216122,-2.001042,-1.4034674,-1.272726
