SNR_dB,LS w/ H,LMMSE w/ H,2 layers MLP w/ H,5 layers MLP w/ H,10 layers MLP w/ H,channelNet w/ H,ISTANet w/ H
-4.0,31.004025,17.113493,6.2657394,3.684815,3.3974407,7.327077,6.3463726
-2.0,29.182604,16.972996,4.820714,2.8516273,2.4592245,5.848506,5.1957226
0.0,27.049324,15.460987,3.1247826,1.1941444,1.6520875,4.102896,4.1590524
2.0,25.18506,14.353676,2.843652,0.30232367,0.4058751,2.4392607,2.2825203
4.0,23.000202,13.074836,1.6744119,-0.3852597,0.024437878,0.7569467,0.9734659
6.0,21.00279,11.590685,0.35687965,-1.0081631,-0.66631824,-0.38965577,0.37809595
8.0,19.276398,11.002062,0.4143849,-0.74117315,-0.6219596,-0.58818984,-0.012382846
10.0,17.10666,9.3898945,-1.841435,-1.5960706,-1.8632203,-1.4034674,-1.272726
