SNR_dB,LS w/ H,LMMSE w/ H,2 layers MLP w/ H,5 layers MLP w/ H,10 layers MLP w/ H,channelNet w/ H,ISTANet w/ H
-4.0,25.552826,13.67299,4.736884,1.5435733,1.0217724,4.4141884,3.8139496
-2.0,23.563332,12.656526,2.8670003,-0.04704066,0.01672942,2.7210722,2.1144447
0.0,21.619081,11.875809,1.5000188,-0.43834013,-0.27856547,1.3741971,1.2243052
2.0,19.549952,10.777408,1.2631624,-0.97817874,-0.65555483,-0.06888918,0.89034355
4.0,17.521202,9.587977,0.0008142962,-1.8911169,-1.62302,-1.3540541,-0.123452395
6.0,15.57147,8.487681,-1.0210743,-2.1430159,-1.9857233,-1.7496682,-1.0715166
8.0,13.491251,7.1229362,-2.541924,-3.4090219,-3.157064,-2.7986841,-1.7534541
10.0,11.54138,5.828848,-3.2959864,-4.4230595,-4.0650706,-3.6328945,-2.598897
