SNR_dB,LS,LMMSE,nonparametric PD MLP,channelNet,ISTANet
-4.0,25.578585,13.652857,1.1478076,4.4141884,3.8139496
-2.0,23.541256,12.630311,-0.0013708784,2.7210722,2.1144447
0.0,21.587143,11.689979,-1.030294,1.3741971,1.2243052
2.0,19.555311,10.77691,-1.2952456,-0.06888918,0.89034355
4.0,17.546352,9.605822,-1.8418347,-1.3540541,-0.123452395
6.0,15.604645,8.628856,-2.3071566,-1.7496682,-1.0715166
8.0,13.61217,7.321104,-3.3580256,-2.7986841,-1.7534541
10.0,11.595181,6.0243826,-4.247816,-3.6328945,-2.598897
