SNR_dB,LS,LMMSE,nonparametric PD MLP,channelNet,ISTANet
-4.0,29.511765,12.803964,12.129126,7.327077,6.3463726
-2.0,27.494097,11.0201025,5.1506376,5.848506,5.1957226
0.0,25.537544,9.621768,6.9810505,4.102896,4.1590524
2.0,23.50012,7.982361,3.8478234,2.4392607,2.2825203
4.0,21.523306,6.4166684,2.860421,0.7569467,0.9734659
6.0,19.506605,4.4642196,0.6322974,-0.38965577,0.37809595
8.0,17.5277,2.4328246,1.018512,-0.58818984,-0.012382846
10.0,15.484875,0.65139765,0.5892633,-1.4034674,-1.272726
