SNR_dB,LS,LMMSE,nonparametric PD MLP,channelNet,ISTANet
-4.0,24.638996,10.096425,1.8971897,4.4141884,3.8139496
-2.0,22.63792,9.01451,0.72414607,2.7210722,2.1144447
0.0,20.650246,7.820097,0.23527698,1.3741971,1.2243052
2.0,18.643114,6.506337,0.49088252,-0.06888918,0.89034355
4.0,16.639559,5.0084867,0.25951144,-1.3540541,-0.123452395
6.0,14.633583,3.3522425,0.48846912,-1.7496682,-1.0715166
8.0,12.629682,1.6756434,0.5455765,-2.7986841,-1.7534541
10.0,10.63567,-0.04811499,0.637166,-3.6328945,-2.598897
